flightTime,trackId,state,battery,speed
2026-06-04 10:00:00.000,drone_001,TAKEOFF,100.0,191.16
2026-06-04 10:00:00.000,drone_002,TAKEOFF,95.0,175.68
2026-06-04 10:00:01.000,drone_001,TAKEOFF,99.9,197.33
2026-06-04 10:00:01.000,drone_002,TAKEOFF,94.9,184.75
2026-06-04 10:00:02.000,drone_001,TAKEOFF,99.9,192.44
2026-06-04 10:00:02.000,drone_002,TAKEOFF,94.9,171.68
2026-06-04 10:00:03.000,drone_001,TAKEOFF,99.8,195.43
2026-06-04 10:00:03.000,drone_002,TAKEOFF,94.8,172.02
2026-06-04 10:00:04.000,drone_001,TAKEOFF,99.7,207.26
2026-06-04 10:00:04.000,drone_002,TAKEOFF,94.7,173.91
2026-06-04 10:00:05.000,drone_001,TAKEOFF,99.7,201.23
2026-06-04 10:00:05.000,drone_002,TAKEOFF,94.7,175.7
2026-06-04 10:00:06.000,drone_001,TAKEOFF,99.6,194.58
2026-06-04 10:00:06.000,drone_002,TAKEOFF,94.6,185.78
2026-06-04 10:00:07.000,drone_001,TAKEOFF,99.5,198.54
2026-06-04 10:00:07.000,drone_002,TAKEOFF,94.5,187.64
2026-06-04 10:00:08.000,drone_001,TAKEOFF,99.5,197.27
2026-06-04 10:00:08.000,drone_002,TAKEOFF,94.5,175.17
2026-06-04 10:00:09.000,drone_001,TAKEOFF,99.4,199.79
2026-06-04 10:00:09.000,drone_002,TAKEOFF,94.4,174.32
2026-06-04 10:00:10.000,drone_001,TAKEOFF,99.3,203.55
2026-06-04 10:00:10.000,drone_002,TAKEOFF,94.3,173.45
2026-06-04 10:00:11.000,drone_001,TAKEOFF,99.3,203.2
2026-06-04 10:00:11.000,drone_002,TAKEOFF,94.3,185.19
2026-06-04 10:00:12.000,drone_001,TAKEOFF,99.2,202.84
2026-06-04 10:00:12.000,drone_002,TAKEOFF,94.2,184.05
2026-06-04 10:00:13.000,drone_001,TAKEOFF,99.1,206.98
2026-06-04 10:00:13.000,drone_002,TAKEOFF,94.1,184.92
2026-06-04 10:00:14.000,drone_001,TAKEOFF,99.1,201.54
2026-06-04 10:00:14.000,drone_002,TAKEOFF,94.1,180.03
2026-06-04 10:00:15.000,drone_001,TAKEOFF,99.0,196.34
2026-06-04 10:00:15.000,drone_002,TAKEOFF,94.0,182.23
2026-06-04 10:00:16.000,drone_001,TAKEOFF,98.9,197.19
2026-06-04 10:00:16.000,drone_002,TAKEOFF,93.9,171.13
2026-06-04 10:00:17.000,drone_001,TAKEOFF,98.9,196.76
2026-06-04 10:00:17.000,drone_002,TAKEOFF,93.9,188.58
2026-06-04 10:00:18.000,drone_001,TAKEOFF,98.8,205.4
2026-06-04 10:00:18.000,drone_002,TAKEOFF,93.8,186.7
2026-06-04 10:00:19.000,drone_001,TAKEOFF,98.7,191.57
2026-06-04 10:00:19.000,drone_002,TAKEOFF,93.7,173.56
2026-06-04 10:00:20.000,drone_001,TAKEOFF,98.7,198.39
2026-06-04 10:00:20.000,drone_002,TAKEOFF,93.7,172.3
2026-06-04 10:00:21.000,drone_001,TAKEOFF,98.6,190.91
2026-06-04 10:00:21.000,drone_002,TAKEOFF,93.6,188.96
2026-06-04 10:00:22.000,drone_001,TAKEOFF,98.5,197.76
2026-06-04 10:00:22.000,drone_002,TAKEOFF,93.5,180.82
2026-06-04 10:00:23.000,drone_001,TAKEOFF,98.5,203.93
2026-06-04 10:00:23.000,drone_002,TAKEOFF,93.5,185.29
2026-06-04 10:00:24.000,drone_001,TAKEOFF,98.4,196.82
2026-06-04 10:00:24.000,drone_002,TAKEOFF,93.4,176.89
2026-06-04 10:00:25.000,drone_001,TAKEOFF,98.3,209.0
2026-06-04 10:00:25.000,drone_002,TAKEOFF,93.3,183.49
2026-06-04 10:00:26.000,drone_001,TAKEOFF,98.3,191.15
2026-06-04 10:00:26.000,drone_002,TAKEOFF,93.3,180.45
2026-06-04 10:00:27.000,drone_001,TAKEOFF,98.2,208.94
2026-06-04 10:00:27.000,drone_002,TAKEOFF,93.2,176.3
2026-06-04 10:00:28.000,drone_001,TAKEOFF,98.1,204.92
2026-06-04 10:00:28.000,drone_002,TAKEOFF,93.1,174.0
2026-06-04 10:00:29.000,drone_001,TAKEOFF,98.1,203.91
2026-06-04 10:00:29.000,drone_002,TAKEOFF,93.1,176.89
2026-06-04 10:00:30.000,drone_001,CRUISING,98.0,209.49
2026-06-04 10:00:30.000,drone_002,CRUISING,93.0,184.76
2026-06-04 10:00:31.000,drone_001,CRUISING,97.9,197.62
2026-06-04 10:00:31.000,drone_002,CRUISING,92.9,184.28
2026-06-04 10:00:32.000,drone_001,CRUISING,97.9,194.57
2026-06-04 10:00:32.000,drone_002,CRUISING,92.9,180.18
2026-06-04 10:00:33.000,drone_001,CRUISING,97.8,198.07
2026-06-04 10:00:33.000,drone_002,CRUISING,92.8,187.31
2026-06-04 10:00:34.000,drone_001,CRUISING,97.7,197.93
2026-06-04 10:00:34.000,drone_002,CRUISING,92.7,182.27
2026-06-04 10:00:35.000,drone_001,CRUISING,97.7,192.58
2026-06-04 10:00:35.000,drone_002,CRUISING,92.7,178.27
2026-06-04 10:00:36.000,drone_001,CRUISING,97.6,194.13
2026-06-04 10:00:36.000,drone_002,CRUISING,92.6,186.74
2026-06-04 10:00:37.000,drone_001,CRUISING,97.5,199.69
2026-06-04 10:00:37.000,drone_002,CRUISING,92.5,180.99
2026-06-04 10:00:38.000,drone_001,CRUISING,97.5,195.38
2026-06-04 10:00:38.000,drone_002,CRUISING,92.5,188.01
2026-06-04 10:00:39.000,drone_001,CRUISING,97.4,200.74
2026-06-04 10:00:39.000,drone_002,CRUISING,92.4,181.6
2026-06-04 10:00:40.000,drone_001,CRUISING,97.3,193.73
2026-06-04 10:00:40.000,drone_002,CRUISING,92.3,176.36
2026-06-04 10:00:41.000,drone_001,CRUISING,97.3,201.14
2026-06-04 10:00:41.000,drone_002,CRUISING,92.3,174.32
2026-06-04 10:00:42.000,drone_001,CRUISING,97.2,193.09
2026-06-04 10:00:42.000,drone_002,CRUISING,92.2,175.16
2026-06-04 10:00:43.000,drone_001,CRUISING,97.1,208.59
2026-06-04 10:00:43.000,drone_002,CRUISING,92.1,177.56
2026-06-04 10:00:44.000,drone_001,CRUISING,97.1,203.3
2026-06-04 10:00:44.000,drone_002,CRUISING,92.1,186.62
2026-06-04 10:00:45.000,drone_001,CRUISING,97.0,207.99
2026-06-04 10:00:45.000,drone_002,CRUISING,92.0,171.86
2026-06-04 10:00:46.000,drone_001,CRUISING,96.9,193.03
2026-06-04 10:00:46.000,drone_002,CRUISING,91.9,174.64
2026-06-04 10:00:47.000,drone_001,CRUISING,96.9,202.82
2026-06-04 10:00:47.000,drone_002,CRUISING,91.9,185.16
2026-06-04 10:00:48.000,drone_001,CRUISING,96.8,190.36
2026-06-04 10:00:48.000,drone_002,CRUISING,91.8,177.7
2026-06-04 10:00:49.000,drone_001,CRUISING,96.7,192.26
2026-06-04 10:00:49.000,drone_002,CRUISING,91.7,188.18
2026-06-04 10:00:50.000,drone_001,CRUISING,96.7,204.75
2026-06-04 10:00:50.000,drone_002,CRUISING,91.7,187.02
2026-06-04 10:00:51.000,drone_001,CRUISING,96.6,209.22
2026-06-04 10:00:51.000,drone_002,CRUISING,91.6,176.05
2026-06-04 10:00:52.000,drone_001,CRUISING,96.5,201.3
2026-06-04 10:00:52.000,drone_002,CRUISING,91.5,177.64
2026-06-04 10:00:53.000,drone_001,CRUISING,96.5,198.17
2026-06-04 10:00:53.000,drone_002,CRUISING,91.5,180.25
2026-06-04 10:00:54.000,drone_001,CRUISING,96.4,206.6
2026-06-04 10:00:54.000,drone_002,CRUISING,91.4,182.81
2026-06-04 10:00:55.000,drone_001,CRUISING,96.3,198.19
2026-06-04 10:00:55.000,drone_002,CRUISING,91.3,183.9
2026-06-04 10:00:56.000,drone_001,CRUISING,96.3,195.37
2026-06-04 10:00:56.000,drone_002,CRUISING,91.3,182.91
2026-06-04 10:00:57.000,drone_001,CRUISING,96.2,190.22
2026-06-04 10:00:57.000,drone_002,CRUISING,91.2,179.74
2026-06-04 10:00:58.000,drone_001,CRUISING,96.1,194.91
2026-06-04 10:00:58.000,drone_002,CRUISING,91.1,184.26
2026-06-04 10:00:59.000,drone_001,CRUISING,96.1,191.03
2026-06-04 10:00:59.000,drone_002,CRUISING,91.1,186.29
2026-06-04 10:01:00.000,drone_001,CRUISING,96.0,195.44
2026-06-04 10:01:00.000,drone_002,CRUISING,91.0,188.08
2026-06-04 10:01:01.000,drone_001,CRUISING,95.9,199.79
2026-06-04 10:01:01.000,drone_002,CRUISING,90.9,179.29
2026-06-04 10:01:02.000,drone_001,CRUISING,95.9,190.74
2026-06-04 10:01:02.000,drone_002,CRUISING,90.9,183.52
2026-06-04 10:01:03.000,drone_001,CRUISING,95.8,202.32
2026-06-04 10:01:03.000,drone_002,CRUISING,90.8,174.01
2026-06-04 10:01:04.000,drone_001,CRUISING,95.7,197.09
2026-06-04 10:01:04.000,drone_002,CRUISING,90.7,175.93
2026-06-04 10:01:05.000,drone_001,CRUISING,95.7,200.25
2026-06-04 10:01:05.000,drone_002,CRUISING,90.7,179.47
2026-06-04 10:01:06.000,drone_001,CRUISING,95.6,194.48
2026-06-04 10:01:06.000,drone_002,CRUISING,90.6,182.8
2026-06-04 10:01:07.000,drone_001,CRUISING,95.5,195.2
2026-06-04 10:01:07.000,drone_002,CRUISING,90.5,177.68
2026-06-04 10:01:08.000,drone_001,CRUISING,95.5,195.34
2026-06-04 10:01:08.000,drone_002,CRUISING,90.5,187.2
2026-06-04 10:01:09.000,drone_001,CRUISING,95.4,207.62
2026-06-04 10:01:09.000,drone_002,CRUISING,90.4,175.54
2026-06-04 10:01:10.000,drone_001,CRUISING,95.3,202.68
2026-06-04 10:01:10.000,drone_002,CRUISING,90.3,180.98
2026-06-04 10:01:11.000,drone_001,CRUISING,95.3,204.16
2026-06-04 10:01:11.000,drone_002,CRUISING,90.3,181.94
2026-06-04 10:01:12.000,drone_001,CRUISING,95.2,193.27
2026-06-04 10:01:12.000,drone_002,CRUISING,90.2,187.48
2026-06-04 10:01:13.000,drone_001,CRUISING,95.1,194.6
2026-06-04 10:01:13.000,drone_002,CRUISING,90.1,178.73
2026-06-04 10:01:14.000,drone_001,CRUISING,95.1,205.93
2026-06-04 10:01:14.000,drone_002,CRUISING,90.1,182.3
2026-06-04 10:01:15.000,drone_001,CRUISING,95.0,199.1
2026-06-04 10:01:15.000,drone_002,CRUISING,90.0,179.54
2026-06-04 10:01:16.000,drone_001,CRUISING,94.9,201.19
2026-06-04 10:01:16.000,drone_002,CRUISING,89.9,176.45
2026-06-04 10:01:17.000,drone_001,CRUISING,94.9,192.09
2026-06-04 10:01:17.000,drone_002,CRUISING,89.9,176.07
2026-06-04 10:01:18.000,drone_001,CRUISING,94.8,199.05
2026-06-04 10:01:18.000,drone_002,CRUISING,89.8,173.37
2026-06-04 10:01:19.000,drone_001,CRUISING,94.7,209.93
2026-06-04 10:01:19.000,drone_002,CRUISING,89.7,188.01
2026-06-04 10:01:20.000,drone_001,CRUISING,94.7,209.75
2026-06-04 10:01:20.000,drone_002,CRUISING,89.7,181.18
2026-06-04 10:01:21.000,drone_001,CRUISING,94.6,192.63
2026-06-04 10:01:21.000,drone_002,CRUISING,89.6,178.07
2026-06-04 10:01:22.000,drone_001,CRUISING,94.5,193.27
2026-06-04 10:01:22.000,drone_002,CRUISING,89.5,188.66
2026-06-04 10:01:23.000,drone_001,CRUISING,94.5,194.97
2026-06-04 10:01:23.000,drone_002,CRUISING,89.5,181.89
2026-06-04 10:01:24.000,drone_001,CRUISING,94.4,195.39
2026-06-04 10:01:24.000,drone_002,CRUISING,89.4,183.38
2026-06-04 10:01:25.000,drone_001,CRUISING,94.3,200.31
2026-06-04 10:01:25.000,drone_002,CRUISING,89.3,173.15
2026-06-04 10:01:26.000,drone_001,CRUISING,94.3,208.89
2026-06-04 10:01:26.000,drone_002,CRUISING,89.3,177.57
2026-06-04 10:01:27.000,drone_001,CRUISING,94.2,203.02
2026-06-04 10:01:27.000,drone_002,CRUISING,89.2,187.02
2026-06-04 10:01:28.000,drone_001,CRUISING,94.1,206.16
2026-06-04 10:01:28.000,drone_002,CRUISING,89.1,178.19
2026-06-04 10:01:29.000,drone_001,CRUISING,94.1,197.47
2026-06-04 10:01:29.000,drone_002,CRUISING,89.1,172.05
2026-06-04 10:01:30.000,drone_001,CRUISING,94.0,202.16
2026-06-04 10:01:30.000,drone_002,CRUISING,89.0,178.25
2026-06-04 10:01:31.000,drone_001,CRUISING,93.9,200.78
2026-06-04 10:01:31.000,drone_002,CRUISING,88.9,175.87
2026-06-04 10:01:32.000,drone_001,CRUISING,93.9,201.35
2026-06-04 10:01:32.000,drone_002,CRUISING,88.9,182.3
2026-06-04 10:01:33.000,drone_001,CRUISING,93.8,198.22
2026-06-04 10:01:33.000,drone_002,CRUISING,88.8,181.69
2026-06-04 10:01:34.000,drone_001,CRUISING,93.7,204.74
2026-06-04 10:01:34.000,drone_002,CRUISING,88.7,183.22
2026-06-04 10:01:35.000,drone_001,CRUISING,93.7,198.09
2026-06-04 10:01:35.000,drone_002,CRUISING,88.7,172.8
2026-06-04 10:01:36.000,drone_001,CRUISING,93.6,191.35
2026-06-04 10:01:36.000,drone_002,CRUISING,88.6,175.51
2026-06-04 10:01:37.000,drone_001,CRUISING,93.5,191.2
2026-06-04 10:01:37.000,drone_002,CRUISING,88.5,186.71
2026-06-04 10:01:38.000,drone_001,CRUISING,93.5,208.54
2026-06-04 10:01:38.000,drone_002,CRUISING,88.5,175.3
2026-06-04 10:01:39.000,drone_001,CRUISING,93.4,204.17
2026-06-04 10:01:39.000,drone_002,CRUISING,88.4,182.05
2026-06-04 10:01:40.000,drone_001,CRUISING,93.3,197.61
2026-06-04 10:01:40.000,drone_002,CRUISING,88.3,185.67
2026-06-04 10:01:41.000,drone_001,CRUISING,93.3,207.24
2026-06-04 10:01:41.000,drone_002,CRUISING,88.3,183.39
2026-06-04 10:01:42.000,drone_001,CRUISING,93.2,209.32
2026-06-04 10:01:42.000,drone_002,CRUISING,88.2,184.13
2026-06-04 10:01:43.000,drone_001,CRUISING,93.1,209.9
2026-06-04 10:01:43.000,drone_002,CRUISING,88.1,173.67
2026-06-04 10:01:44.000,drone_001,CRUISING,93.1,200.54
2026-06-04 10:01:44.000,drone_002,CRUISING,88.1,176.61
2026-06-04 10:01:45.000,drone_001,CRUISING,93.0,199.63
2026-06-04 10:01:45.000,drone_002,CRUISING,88.0,182.22
2026-06-04 10:01:46.000,drone_001,CRUISING,92.9,193.0
2026-06-04 10:01:46.000,drone_002,CRUISING,87.9,180.14
2026-06-04 10:01:47.000,drone_001,CRUISING,92.9,206.82
2026-06-04 10:01:47.000,drone_002,CRUISING,87.9,188.76
2026-06-04 10:01:48.000,drone_001,CRUISING,92.8,190.83
2026-06-04 10:01:48.000,drone_002,CRUISING,87.8,182.55
2026-06-04 10:01:49.000,drone_001,CRUISING,92.7,205.29
2026-06-04 10:01:49.000,drone_002,CRUISING,87.7,181.25
2026-06-04 10:01:50.000,drone_001,CRUISING,92.7,209.6
2026-06-04 10:01:50.000,drone_002,CRUISING,87.7,185.42
2026-06-04 10:01:51.000,drone_001,CRUISING,92.6,202.26
2026-06-04 10:01:51.000,drone_002,CRUISING,87.6,186.85
2026-06-04 10:01:52.000,drone_001,CRUISING,92.5,205.53
2026-06-04 10:01:52.000,drone_002,CRUISING,87.5,182.24
2026-06-04 10:01:53.000,drone_001,CRUISING,92.5,200.84
2026-06-04 10:01:53.000,drone_002,CRUISING,87.5,183.14
2026-06-04 10:01:54.000,drone_001,CRUISING,92.4,206.0
2026-06-04 10:01:54.000,drone_002,CRUISING,87.4,171.2
2026-06-04 10:01:55.000,drone_001,CRUISING,92.3,207.53
2026-06-04 10:01:55.000,drone_002,CRUISING,87.3,172.39
2026-06-04 10:01:56.000,drone_001,CRUISING,92.3,201.6
2026-06-04 10:01:56.000,drone_002,CRUISING,87.3,175.9
2026-06-04 10:01:57.000,drone_001,CRUISING,92.2,200.35
2026-06-04 10:01:57.000,drone_002,CRUISING,87.2,180.87
2026-06-04 10:01:58.000,drone_001,CRUISING,92.1,192.37
2026-06-04 10:01:58.000,drone_002,CRUISING,87.1,187.51
2026-06-04 10:01:59.000,drone_001,CRUISING,92.1,208.81
2026-06-04 10:01:59.000,drone_002,CRUISING,87.1,182.78
2026-06-04 10:02:00.000,drone_001,CRUISING,92.0,202.2
2026-06-04 10:02:00.000,drone_002,CRUISING,87.0,182.24
2026-06-04 10:02:01.000,drone_001,CRUISING,91.9,205.53
2026-06-04 10:02:01.000,drone_002,CRUISING,86.9,186.78
2026-06-04 10:02:02.000,drone_001,CRUISING,91.9,193.96
2026-06-04 10:02:02.000,drone_002,CRUISING,86.9,188.7
2026-06-04 10:02:03.000,drone_001,CRUISING,91.8,192.3
2026-06-04 10:02:03.000,drone_002,CRUISING,86.8,188.14
2026-06-04 10:02:04.000,drone_001,CRUISING,91.7,203.02
2026-06-04 10:02:04.000,drone_002,CRUISING,86.7,186.76
2026-06-04 10:02:05.000,drone_001,CRUISING,91.7,200.39
2026-06-04 10:02:05.000,drone_002,CRUISING,86.7,173.47
2026-06-04 10:02:06.000,drone_001,CRUISING,91.6,205.51
2026-06-04 10:02:06.000,drone_002,CRUISING,86.6,176.35
2026-06-04 10:02:07.000,drone_001,CRUISING,91.5,196.34
2026-06-04 10:02:07.000,drone_002,CRUISING,86.5,181.71
2026-06-04 10:02:08.000,drone_001,CRUISING,91.5,207.64
2026-06-04 10:02:08.000,drone_002,CRUISING,86.5,188.3
2026-06-04 10:02:09.000,drone_001,CRUISING,91.4,196.29
2026-06-04 10:02:09.000,drone_002,CRUISING,86.4,171.25
2026-06-04 10:02:10.000,drone_001,CRUISING,91.3,192.84
2026-06-04 10:02:10.000,drone_002,CRUISING,86.3,177.52
2026-06-04 10:02:11.000,drone_001,CRUISING,91.3,196.5
2026-06-04 10:02:11.000,drone_002,CRUISING,86.3,172.31
2026-06-04 10:02:12.000,drone_001,CRUISING,91.2,190.66
2026-06-04 10:02:12.000,drone_002,CRUISING,86.2,183.23
2026-06-04 10:02:13.000,drone_001,CRUISING,91.1,207.29
2026-06-04 10:02:13.000,drone_002,CRUISING,86.1,179.84
2026-06-04 10:02:14.000,drone_001,CRUISING,91.1,190.36
2026-06-04 10:02:14.000,drone_002,CRUISING,86.1,188.59
2026-06-04 10:02:15.000,drone_001,CRUISING,91.0,196.0
2026-06-04 10:02:15.000,drone_002,CRUISING,86.0,176.66
2026-06-04 10:02:16.000,drone_001,CRUISING,90.9,200.35
2026-06-04 10:02:16.000,drone_002,CRUISING,85.9,178.03
2026-06-04 10:02:17.000,drone_001,CRUISING,90.9,200.25
2026-06-04 10:02:17.000,drone_002,CRUISING,85.9,172.47
2026-06-04 10:02:18.000,drone_001,CRUISING,90.8,199.45
2026-06-04 10:02:18.000,drone_002,CRUISING,85.8,181.61
2026-06-04 10:02:19.000,drone_001,CRUISING,90.7,195.87
2026-06-04 10:02:19.000,drone_002,CRUISING,85.7,183.32
2026-06-04 10:02:20.000,drone_001,CRUISING,90.7,198.44
2026-06-04 10:02:20.000,drone_002,CRUISING,85.7,172.9
2026-06-04 10:02:21.000,drone_001,CRUISING,90.6,197.38
2026-06-04 10:02:21.000,drone_002,CRUISING,85.6,172.16
2026-06-04 10:02:22.000,drone_001,CRUISING,90.5,202.72
2026-06-04 10:02:22.000,drone_002,CRUISING,85.5,177.07
2026-06-04 10:02:23.000,drone_001,CRUISING,90.5,204.58
2026-06-04 10:02:23.000,drone_002,CRUISING,85.5,187.41
2026-06-04 10:02:24.000,drone_001,CRUISING,90.4,208.33
2026-06-04 10:02:24.000,drone_002,CRUISING,85.4,175.69
2026-06-04 10:02:25.000,drone_001,CRUISING,90.3,190.51
2026-06-04 10:02:25.000,drone_002,CRUISING,85.3,178.4
2026-06-04 10:02:26.000,drone_001,CRUISING,90.3,203.77
2026-06-04 10:02:26.000,drone_002,CRUISING,85.3,181.68
2026-06-04 10:02:27.000,drone_001,CRUISING,90.2,207.77
2026-06-04 10:02:27.000,drone_002,CRUISING,85.2,173.18
2026-06-04 10:02:28.000,drone_001,CRUISING,90.1,198.81
2026-06-04 10:02:28.000,drone_002,CRUISING,85.1,184.72
2026-06-04 10:02:29.000,drone_001,CRUISING,90.1,198.04
2026-06-04 10:02:29.000,drone_002,CRUISING,85.1,174.83
2026-06-04 10:02:30.000,drone_001,CRUISING,90.0,192.61
2026-06-04 10:02:30.000,drone_002,CRUISING,85.0,173.42
2026-06-04 10:02:31.000,drone_001,CRUISING,89.9,194.06
2026-06-04 10:02:31.000,drone_002,CRUISING,84.9,176.78
2026-06-04 10:02:32.000,drone_001,CRUISING,89.9,194.01
2026-06-04 10:02:32.000,drone_002,CRUISING,84.9,181.65
2026-06-04 10:02:33.000,drone_001,CRUISING,89.8,197.17
2026-06-04 10:02:33.000,drone_002,CRUISING,84.8,172.42
2026-06-04 10:02:34.000,drone_001,CRUISING,89.7,206.92
2026-06-04 10:02:34.000,drone_002,CRUISING,84.7,182.92
2026-06-04 10:02:35.000,drone_001,CRUISING,89.7,195.99
2026-06-04 10:02:35.000,drone_002,CRUISING,84.7,184.05
2026-06-04 10:02:36.000,drone_001,CRUISING,89.6,194.52
2026-06-04 10:02:36.000,drone_002,CRUISING,84.6,185.8
2026-06-04 10:02:37.000,drone_001,CRUISING,89.5,203.65
2026-06-04 10:02:37.000,drone_002,CRUISING,84.5,180.94
2026-06-04 10:02:38.000,drone_001,CRUISING,89.5,202.59
2026-06-04 10:02:38.000,drone_002,CRUISING,84.5,182.69
2026-06-04 10:02:39.000,drone_001,CRUISING,89.4,207.84
2026-06-04 10:02:39.000,drone_002,CRUISING,84.4,172.16
2026-06-04 10:02:40.000,drone_001,CRUISING,89.3,209.32
2026-06-04 10:02:40.000,drone_002,CRUISING,84.3,174.67
2026-06-04 10:02:41.000,drone_001,CRUISING,89.3,197.37
2026-06-04 10:02:41.000,drone_002,CRUISING,84.3,183.04
2026-06-04 10:02:42.000,drone_001,CRUISING,89.2,202.16
2026-06-04 10:02:42.000,drone_002,CRUISING,84.2,184.74
2026-06-04 10:02:43.000,drone_001,CRUISING,89.1,191.16
2026-06-04 10:02:43.000,drone_002,CRUISING,84.1,181.65
2026-06-04 10:02:44.000,drone_001,CRUISING,89.1,209.27
2026-06-04 10:02:44.000,drone_002,CRUISING,84.1,186.79
2026-06-04 10:02:45.000,drone_001,CRUISING,89.0,197.43
2026-06-04 10:02:45.000,drone_002,CRUISING,84.0,181.08
2026-06-04 10:02:46.000,drone_001,CRUISING,88.9,191.16
2026-06-04 10:02:46.000,drone_002,CRUISING,83.9,181.6
2026-06-04 10:02:47.000,drone_001,CRUISING,88.9,202.72
2026-06-04 10:02:47.000,drone_002,CRUISING,83.9,171.51
2026-06-04 10:02:48.000,drone_001,CRUISING,88.8,192.69
2026-06-04 10:02:48.000,drone_002,CRUISING,83.8,182.04
2026-06-04 10:02:49.000,drone_001,CRUISING,88.7,193.31
2026-06-04 10:02:49.000,drone_002,CRUISING,83.7,174.21
2026-06-04 10:02:50.000,drone_001,CRUISING,88.7,205.15
2026-06-04 10:02:50.000,drone_002,CRUISING,83.7,188.2
2026-06-04 10:02:51.000,drone_001,CRUISING,88.6,194.57
2026-06-04 10:02:51.000,drone_002,CRUISING,83.6,175.27
2026-06-04 10:02:52.000,drone_001,CRUISING,88.5,197.96
2026-06-04 10:02:52.000,drone_002,CRUISING,83.5,180.92
2026-06-04 10:02:53.000,drone_001,CRUISING,88.5,194.81
2026-06-04 10:02:53.000,drone_002,CRUISING,83.5,174.46
2026-06-04 10:02:54.000,drone_001,CRUISING,88.4,207.88
2026-06-04 10:02:54.000,drone_002,CRUISING,83.4,180.5
2026-06-04 10:02:55.000,drone_001,CRUISING,88.3,198.19
2026-06-04 10:02:55.000,drone_002,CRUISING,83.3,177.12
2026-06-04 10:02:56.000,drone_001,CRUISING,88.3,190.0
2026-06-04 10:02:56.000,drone_002,CRUISING,83.3,185.47
2026-06-04 10:02:57.000,drone_001,CRUISING,88.2,204.25
2026-06-04 10:02:57.000,drone_002,CRUISING,83.2,171.7
2026-06-04 10:02:58.000,drone_001,CRUISING,88.1,205.61
2026-06-04 10:02:58.000,drone_002,CRUISING,83.1,174.84
2026-06-04 10:02:59.000,drone_001,CRUISING,88.1,199.23
2026-06-04 10:02:59.000,drone_002,CRUISING,83.1,182.84
2026-06-04 10:03:00.000,drone_001,CRUISING,88.0,208.94
2026-06-04 10:03:00.000,drone_002,CRUISING,83.0,186.29
2026-06-04 10:03:01.000,drone_001,CRUISING,87.9,191.03
2026-06-04 10:03:01.000,drone_002,CRUISING,82.9,171.63
2026-06-04 10:03:02.000,drone_001,CRUISING,87.9,195.01
2026-06-04 10:03:02.000,drone_002,CRUISING,82.9,187.92
2026-06-04 10:03:03.000,drone_001,CRUISING,87.8,191.37
2026-06-04 10:03:03.000,drone_002,CRUISING,82.8,186.6
2026-06-04 10:03:04.000,drone_001,CRUISING,87.7,205.02
2026-06-04 10:03:04.000,drone_002,CRUISING,82.7,185.9
2026-06-04 10:03:05.000,drone_001,CRUISING,87.7,197.95
2026-06-04 10:03:05.000,drone_002,CRUISING,82.7,181.56
2026-06-04 10:03:06.000,drone_001,CRUISING,87.6,202.97
2026-06-04 10:03:06.000,drone_002,CRUISING,82.6,186.52
2026-06-04 10:03:07.000,drone_001,CRUISING,87.5,204.02
2026-06-04 10:03:07.000,drone_002,CRUISING,82.5,171.07
2026-06-04 10:03:08.000,drone_001,CRUISING,87.5,191.85
2026-06-04 10:03:08.000,drone_002,CRUISING,82.5,182.43
2026-06-04 10:03:09.000,drone_001,HOVER,87.4,204.77
2026-06-04 10:03:09.000,drone_002,CRUISING,82.4,171.78
2026-06-04 10:03:10.000,drone_001,CRUISING,87.3,208.65
2026-06-04 10:03:10.000,drone_002,CRUISING,82.3,172.65
2026-06-04 10:03:11.000,drone_001,CRUISING,87.3,207.91
2026-06-04 10:03:11.000,drone_002,CRUISING,82.3,172.78
2026-06-04 10:03:12.000,drone_001,CRUISING,87.2,196.02
2026-06-04 10:03:12.000,drone_002,CRUISING,82.2,178.55
2026-06-04 10:03:13.000,drone_001,CRUISING,87.1,192.21
2026-06-04 10:03:13.000,drone_002,HOVER,82.1,174.35
2026-06-04 10:03:14.000,drone_001,CRUISING,87.1,197.09
2026-06-04 10:03:14.000,drone_002,CRUISING,82.1,187.68
2026-06-04 10:03:15.000,drone_001,CRUISING,87.0,193.21
2026-06-04 10:03:15.000,drone_002,CRUISING,82.0,175.87
2026-06-04 10:03:16.000,drone_001,CRUISING,86.9,200.38
2026-06-04 10:03:16.000,drone_002,CRUISING,81.9,176.28
2026-06-04 10:03:17.000,drone_001,CRUISING,86.9,207.41
2026-06-04 10:03:17.000,drone_002,CRUISING,81.9,176.88
2026-06-04 10:03:18.000,drone_001,HOVER,86.8,198.39
2026-06-04 10:03:18.000,drone_002,CRUISING,81.8,188.22
2026-06-04 10:03:19.000,drone_001,CRUISING,86.7,199.03
2026-06-04 10:03:19.000,drone_002,CRUISING,81.7,186.04
2026-06-04 10:03:20.000,drone_001,CRUISING,86.7,198.67
2026-06-04 10:03:20.000,drone_002,CRUISING,81.7,181.2
2026-06-04 10:03:21.000,drone_001,HOVER,86.6,199.68
2026-06-04 10:03:21.000,drone_002,CRUISING,81.6,184.39
2026-06-04 10:03:22.000,drone_001,CRUISING,86.5,202.41
2026-06-04 10:03:22.000,drone_002,CRUISING,81.5,180.03
2026-06-04 10:03:23.000,drone_001,CRUISING,86.5,199.48
2026-06-04 10:03:23.000,drone_002,CRUISING,81.5,179.58
2026-06-04 10:03:24.000,drone_001,CRUISING,86.4,205.92
2026-06-04 10:03:24.000,drone_002,CRUISING,81.4,176.55
2026-06-04 10:03:25.000,drone_001,CRUISING,86.3,206.3
2026-06-04 10:03:25.000,drone_002,CRUISING,81.3,177.21
2026-06-04 10:03:26.000,drone_001,CRUISING,86.3,207.76
2026-06-04 10:03:26.000,drone_002,CRUISING,81.3,176.91
2026-06-04 10:03:27.000,drone_001,CRUISING,86.2,196.26
2026-06-04 10:03:27.000,drone_002,CRUISING,81.2,184.59
2026-06-04 10:03:28.000,drone_001,CRUISING,86.1,204.15
2026-06-04 10:03:28.000,drone_002,CRUISING,81.1,184.55
2026-06-04 10:03:29.000,drone_001,CRUISING,86.1,208.83
2026-06-04 10:03:29.000,drone_002,CRUISING,81.1,186.57
2026-06-04 10:03:30.000,drone_001,CRUISING,86.0,206.75
2026-06-04 10:03:30.000,drone_002,CRUISING,81.0,177.77
2026-06-04 10:03:31.000,drone_001,CRUISING,85.9,201.66
2026-06-04 10:03:31.000,drone_002,CRUISING,80.9,188.02
2026-06-04 10:03:32.000,drone_001,CRUISING,85.9,209.94
2026-06-04 10:03:32.000,drone_002,CRUISING,80.9,176.08
2026-06-04 10:03:33.000,drone_001,CRUISING,85.8,193.35
2026-06-04 10:03:33.000,drone_002,CRUISING,80.8,183.21
2026-06-04 10:03:34.000,drone_001,CRUISING,85.7,194.21
2026-06-04 10:03:34.000,drone_002,CRUISING,80.7,180.27
2026-06-04 10:03:35.000,drone_001,CRUISING,85.7,195.47
2026-06-04 10:03:35.000,drone_002,CRUISING,80.7,185.05
2026-06-04 10:03:36.000,drone_001,CRUISING,85.6,196.28
2026-06-04 10:03:36.000,drone_002,CRUISING,80.6,186.83
2026-06-04 10:03:37.000,drone_001,CRUISING,85.5,199.08
2026-06-04 10:03:37.000,drone_002,CRUISING,80.5,186.99
2026-06-04 10:03:38.000,drone_001,CRUISING,85.5,193.71
2026-06-04 10:03:38.000,drone_002,CRUISING,80.5,178.34
2026-06-04 10:03:39.000,drone_001,CRUISING,85.4,205.92
2026-06-04 10:03:39.000,drone_002,CRUISING,80.4,182.03
2026-06-04 10:03:40.000,drone_001,CRUISING,85.3,191.88
2026-06-04 10:03:40.000,drone_002,CRUISING,80.3,183.38
2026-06-04 10:03:41.000,drone_001,CRUISING,85.3,206.55
2026-06-04 10:03:41.000,drone_002,CRUISING,80.3,186.29
2026-06-04 10:03:42.000,drone_001,CRUISING,85.2,194.75
2026-06-04 10:03:42.000,drone_002,CRUISING,80.2,179.99
2026-06-04 10:03:43.000,drone_001,CRUISING,85.1,203.55
2026-06-04 10:03:43.000,drone_002,CRUISING,80.1,172.52
2026-06-04 10:03:44.000,drone_001,CRUISING,85.1,202.23
2026-06-04 10:03:44.000,drone_002,CRUISING,80.1,186.68
2026-06-04 10:03:45.000,drone_001,CRUISING,85.0,208.71
2026-06-04 10:03:45.000,drone_002,CRUISING,80.0,185.77
2026-06-04 10:03:46.000,drone_001,CRUISING,84.9,208.09
2026-06-04 10:03:46.000,drone_002,CRUISING,79.9,185.45
2026-06-04 10:03:47.000,drone_001,CRUISING,84.9,192.4
2026-06-04 10:03:47.000,drone_002,CRUISING,79.9,175.55
2026-06-04 10:03:48.000,drone_001,CRUISING,84.8,206.42
2026-06-04 10:03:48.000,drone_002,CRUISING,79.8,171.17
2026-06-04 10:03:49.000,drone_001,CRUISING,84.7,200.65
2026-06-04 10:03:49.000,drone_002,CRUISING,79.7,172.33
2026-06-04 10:03:50.000,drone_001,CRUISING,84.7,197.18
2026-06-04 10:03:50.000,drone_002,CRUISING,79.7,173.9
2026-06-04 10:03:51.000,drone_001,CRUISING,84.6,206.47
2026-06-04 10:03:51.000,drone_002,CRUISING,79.6,176.35
2026-06-04 10:03:52.000,drone_001,CRUISING,84.5,204.3
2026-06-04 10:03:52.000,drone_002,CRUISING,79.5,172.2
2026-06-04 10:03:53.000,drone_001,CRUISING,84.5,197.47
2026-06-04 10:03:53.000,drone_002,CRUISING,79.5,186.12
2026-06-04 10:03:54.000,drone_001,CRUISING,84.4,193.36
2026-06-04 10:03:54.000,drone_002,CRUISING,79.4,171.65
2026-06-04 10:03:55.000,drone_001,CRUISING,84.3,204.63
2026-06-04 10:03:55.000,drone_002,CRUISING,79.3,171.86
2026-06-04 10:03:56.000,drone_001,CRUISING,84.3,201.46
2026-06-04 10:03:56.000,drone_002,CRUISING,79.3,174.8
2026-06-04 10:03:57.000,drone_001,CRUISING,84.2,203.76
2026-06-04 10:03:57.000,drone_002,CRUISING,79.2,180.81
2026-06-04 10:03:58.000,drone_001,HOVER,84.1,192.0
2026-06-04 10:03:58.000,drone_002,CRUISING,79.1,177.5
2026-06-04 10:03:59.000,drone_001,CRUISING,84.1,190.23
2026-06-04 10:03:59.000,drone_002,CRUISING,79.1,181.74
2026-06-04 10:04:00.000,drone_001,CRUISING,84.0,191.01
2026-06-04 10:04:00.000,drone_002,CRUISING,79.0,171.28
2026-06-04 10:04:01.000,drone_001,CRUISING,83.9,200.6
2026-06-04 10:04:01.000,drone_002,CRUISING,78.9,172.33
2026-06-04 10:04:02.000,drone_001,CRUISING,83.9,203.94
2026-06-04 10:04:02.000,drone_002,CRUISING,78.9,179.53
2026-06-04 10:04:03.000,drone_001,CRUISING,83.8,204.76
2026-06-04 10:04:03.000,drone_002,CRUISING,78.8,185.41
2026-06-04 10:04:04.000,drone_001,CRUISING,83.7,207.01
2026-06-04 10:04:04.000,drone_002,CRUISING,78.7,184.23
2026-06-04 10:04:05.000,drone_001,CRUISING,83.7,201.88
2026-06-04 10:04:05.000,drone_002,CRUISING,78.7,172.14
2026-06-04 10:04:06.000,drone_001,CRUISING,83.6,206.99
2026-06-04 10:04:06.000,drone_002,CRUISING,78.6,179.41
2026-06-04 10:04:07.000,drone_001,CRUISING,83.5,209.31
2026-06-04 10:04:07.000,drone_002,CRUISING,78.5,176.2
2026-06-04 10:04:08.000,drone_001,CRUISING,83.5,203.96
2026-06-04 10:04:08.000,drone_002,CRUISING,78.5,179.51
2026-06-04 10:04:09.000,drone_001,CRUISING,83.4,203.3
2026-06-04 10:04:09.000,drone_002,CRUISING,78.4,177.25
2026-06-04 10:04:10.000,drone_001,CRUISING,83.3,209.15
2026-06-04 10:04:10.000,drone_002,CRUISING,78.3,185.61
2026-06-04 10:04:11.000,drone_001,CRUISING,83.3,207.47
2026-06-04 10:04:11.000,drone_002,CRUISING,78.3,180.71
2026-06-04 10:04:12.000,drone_001,CRUISING,83.2,203.87
2026-06-04 10:04:12.000,drone_002,CRUISING,78.2,185.89
2026-06-04 10:04:13.000,drone_001,CRUISING,83.1,201.71
2026-06-04 10:04:13.000,drone_002,CRUISING,78.1,177.45
2026-06-04 10:04:14.000,drone_001,CRUISING,83.1,207.96
2026-06-04 10:04:14.000,drone_002,CRUISING,78.1,186.48
2026-06-04 10:04:15.000,drone_001,CRUISING,83.0,203.51
2026-06-04 10:04:15.000,drone_002,CRUISING,78.0,182.76
2026-06-04 10:04:16.000,drone_001,CRUISING,82.9,193.24
2026-06-04 10:04:16.000,drone_002,CRUISING,77.9,181.48
2026-06-04 10:04:17.000,drone_001,CRUISING,82.9,202.04
2026-06-04 10:04:17.000,drone_002,CRUISING,77.9,188.01
2026-06-04 10:04:18.000,drone_001,CRUISING,82.8,200.81
2026-06-04 10:04:18.000,drone_002,CRUISING,77.8,186.18
2026-06-04 10:04:19.000,drone_001,CRUISING,82.7,206.57
2026-06-04 10:04:19.000,drone_002,CRUISING,77.7,183.11
2026-06-04 10:04:20.000,drone_001,CRUISING,82.7,197.62
2026-06-04 10:04:20.000,drone_002,CRUISING,77.7,171.57
2026-06-04 10:04:21.000,drone_001,CRUISING,82.6,206.52
2026-06-04 10:04:21.000,drone_002,CRUISING,77.6,182.31
2026-06-04 10:04:22.000,drone_001,CRUISING,82.5,205.27
2026-06-04 10:04:22.000,drone_002,CRUISING,77.5,178.96
2026-06-04 10:04:23.000,drone_001,CRUISING,82.5,197.66
2026-06-04 10:04:23.000,drone_002,CRUISING,77.5,188.48
2026-06-04 10:04:24.000,drone_001,CRUISING,82.4,193.4
2026-06-04 10:04:24.000,drone_002,CRUISING,77.4,188.88
2026-06-04 10:04:25.000,drone_001,CRUISING,82.3,196.71
2026-06-04 10:04:25.000,drone_002,CRUISING,77.3,176.91
2026-06-04 10:04:26.000,drone_001,CRUISING,82.3,191.45
2026-06-04 10:04:26.000,drone_002,CRUISING,77.3,179.43
2026-06-04 10:04:27.000,drone_001,CRUISING,82.2,198.4
2026-06-04 10:04:27.000,drone_002,CRUISING,77.2,178.81
2026-06-04 10:04:28.000,drone_001,CRUISING,82.1,203.38
2026-06-04 10:04:28.000,drone_002,CRUISING,77.1,175.31
2026-06-04 10:04:29.000,drone_001,CRUISING,82.1,205.6
2026-06-04 10:04:29.000,drone_002,CRUISING,77.1,173.28
2026-06-04 10:04:30.000,drone_001,HOVER,82.0,195.76
2026-06-04 10:04:30.000,drone_002,CRUISING,77.0,178.41
2026-06-04 10:04:31.000,drone_001,CRUISING,81.9,193.93
2026-06-04 10:04:31.000,drone_002,CRUISING,76.9,177.39
2026-06-04 10:04:32.000,drone_001,CRUISING,81.9,194.94
2026-06-04 10:04:32.000,drone_002,CRUISING,76.9,182.36
2026-06-04 10:04:33.000,drone_001,CRUISING,81.8,208.66
2026-06-04 10:04:33.000,drone_002,CRUISING,76.8,177.24
2026-06-04 10:04:34.000,drone_001,CRUISING,81.7,194.78
2026-06-04 10:04:34.000,drone_002,CRUISING,76.7,178.36
2026-06-04 10:04:35.000,drone_001,CRUISING,81.7,203.43
2026-06-04 10:04:35.000,drone_002,CRUISING,76.7,180.76
2026-06-04 10:04:36.000,drone_001,CRUISING,81.6,208.19
2026-06-04 10:04:36.000,drone_002,CRUISING,76.6,180.95
2026-06-04 10:04:37.000,drone_001,CRUISING,81.5,206.18
2026-06-04 10:04:37.000,drone_002,CRUISING,76.5,184.7
2026-06-04 10:04:38.000,drone_001,CRUISING,81.5,192.4
2026-06-04 10:04:38.000,drone_002,CRUISING,76.5,181.33
2026-06-04 10:04:39.000,drone_001,CRUISING,81.4,207.46
2026-06-04 10:04:39.000,drone_002,CRUISING,76.4,172.72
2026-06-04 10:04:40.000,drone_001,CRUISING,81.3,199.22
2026-06-04 10:04:40.000,drone_002,CRUISING,76.3,178.69
2026-06-04 10:04:41.000,drone_001,CRUISING,81.3,195.41
2026-06-04 10:04:41.000,drone_002,CRUISING,76.3,171.45
2026-06-04 10:04:42.000,drone_001,CRUISING,81.2,200.11
2026-06-04 10:04:42.000,drone_002,CRUISING,76.2,186.46
2026-06-04 10:04:43.000,drone_001,CRUISING,81.1,195.13
2026-06-04 10:04:43.000,drone_002,CRUISING,76.1,186.06
2026-06-04 10:04:44.000,drone_001,CRUISING,81.1,198.61
2026-06-04 10:04:44.000,drone_002,HOVER,76.1,177.53
2026-06-04 10:04:45.000,drone_001,CRUISING,81.0,207.23
2026-06-04 10:04:45.000,drone_002,CRUISING,76.0,178.7
2026-06-04 10:04:46.000,drone_001,CRUISING,80.9,196.75
2026-06-04 10:04:46.000,drone_002,CRUISING,75.9,188.8
2026-06-04 10:04:47.000,drone_001,CRUISING,80.9,193.29
2026-06-04 10:04:47.000,drone_002,CRUISING,75.9,181.36
2026-06-04 10:04:48.000,drone_001,CRUISING,80.8,195.68
2026-06-04 10:04:48.000,drone_002,CRUISING,75.8,181.93
2026-06-04 10:04:49.000,drone_001,CRUISING,80.7,200.94
2026-06-04 10:04:49.000,drone_002,CRUISING,75.7,185.23
2026-06-04 10:04:50.000,drone_001,CRUISING,80.7,202.55
2026-06-04 10:04:50.000,drone_002,CRUISING,75.7,180.79
2026-06-04 10:04:51.000,drone_001,CRUISING,80.6,193.93
2026-06-04 10:04:51.000,drone_002,CRUISING,75.6,179.24
2026-06-04 10:04:52.000,drone_001,CRUISING,80.5,190.51
2026-06-04 10:04:52.000,drone_002,CRUISING,75.5,177.21
2026-06-04 10:04:53.000,drone_001,CRUISING,80.5,208.52
2026-06-04 10:04:53.000,drone_002,CRUISING,75.5,177.99
2026-06-04 10:04:54.000,drone_001,CRUISING,80.4,190.99
2026-06-04 10:04:54.000,drone_002,CRUISING,75.4,174.69
2026-06-04 10:04:55.000,drone_001,CRUISING,80.3,205.24
2026-06-04 10:04:55.000,drone_002,CRUISING,75.3,182.72
2026-06-04 10:04:56.000,drone_001,CRUISING,80.3,199.01
2026-06-04 10:04:56.000,drone_002,CRUISING,75.3,186.28
2026-06-04 10:04:57.000,drone_001,CRUISING,80.2,199.5
2026-06-04 10:04:57.000,drone_002,CRUISING,75.2,188.06
2026-06-04 10:04:58.000,drone_001,CRUISING,80.1,204.63
2026-06-04 10:04:58.000,drone_002,CRUISING,75.1,179.02
2026-06-04 10:04:59.000,drone_001,CRUISING,80.1,207.39
2026-06-04 10:04:59.000,drone_002,CRUISING,75.1,173.73
2026-06-04 10:05:00.000,drone_001,CRUISING,80.0,201.19
2026-06-04 10:05:00.000,drone_002,CRUISING,75.0,179.46
2026-06-04 10:05:01.000,drone_001,CRUISING,79.9,202.34
2026-06-04 10:05:01.000,drone_002,CRUISING,74.9,181.06
2026-06-04 10:05:02.000,drone_001,CRUISING,79.9,193.95
2026-06-04 10:05:02.000,drone_002,CRUISING,74.9,187.1
2026-06-04 10:05:03.000,drone_001,CRUISING,79.8,199.7
2026-06-04 10:05:03.000,drone_002,CRUISING,74.8,188.73
2026-06-04 10:05:04.000,drone_001,CRUISING,79.7,190.73
2026-06-04 10:05:04.000,drone_002,CRUISING,74.7,181.81
2026-06-04 10:05:05.000,drone_001,CRUISING,79.7,197.34
2026-06-04 10:05:05.000,drone_002,CRUISING,74.7,176.49
2026-06-04 10:05:06.000,drone_001,CRUISING,79.6,208.26
2026-06-04 10:05:06.000,drone_002,CRUISING,74.6,180.93
2026-06-04 10:05:07.000,drone_001,CRUISING,79.5,201.51
2026-06-04 10:05:07.000,drone_002,CRUISING,74.5,178.22
2026-06-04 10:05:08.000,drone_001,CRUISING,79.5,203.53
2026-06-04 10:05:08.000,drone_002,CRUISING,74.5,187.9
2026-06-04 10:05:09.000,drone_001,CRUISING,79.4,198.51
2026-06-04 10:05:09.000,drone_002,CRUISING,74.4,188.18
2026-06-04 10:05:10.000,drone_001,CRUISING,79.3,205.31
2026-06-04 10:05:10.000,drone_002,CRUISING,74.3,185.98
2026-06-04 10:05:11.000,drone_001,CRUISING,79.3,207.39
2026-06-04 10:05:11.000,drone_002,CRUISING,74.3,182.71
2026-06-04 10:05:12.000,drone_001,CRUISING,79.2,201.67
2026-06-04 10:05:12.000,drone_002,CRUISING,74.2,174.93
2026-06-04 10:05:13.000,drone_001,CRUISING,79.1,209.58
2026-06-04 10:05:13.000,drone_002,CRUISING,74.1,184.43
2026-06-04 10:05:14.000,drone_001,CRUISING,79.1,207.26
2026-06-04 10:05:14.000,drone_002,CRUISING,74.1,172.38
2026-06-04 10:05:15.000,drone_001,CRUISING,79.0,207.16
2026-06-04 10:05:15.000,drone_002,CRUISING,74.0,187.69
2026-06-04 10:05:16.000,drone_001,CRUISING,78.9,193.58
2026-06-04 10:05:16.000,drone_002,CRUISING,73.9,183.97
2026-06-04 10:05:17.000,drone_001,HOVER,78.9,205.67
2026-06-04 10:05:17.000,drone_002,CRUISING,73.9,183.32
2026-06-04 10:05:18.000,drone_001,CRUISING,78.8,195.65
2026-06-04 10:05:18.000,drone_002,CRUISING,73.8,184.55
2026-06-04 10:05:19.000,drone_001,CRUISING,78.7,190.28
2026-06-04 10:05:19.000,drone_002,CRUISING,73.7,188.62
2026-06-04 10:05:20.000,drone_001,CRUISING,78.7,200.3
2026-06-04 10:05:20.000,drone_002,CRUISING,73.7,175.28
2026-06-04 10:05:21.000,drone_001,CRUISING,78.6,206.2
2026-06-04 10:05:21.000,drone_002,CRUISING,73.6,182.34
2026-06-04 10:05:22.000,drone_001,CRUISING,78.5,204.36
2026-06-04 10:05:22.000,drone_002,CRUISING,73.5,184.01
2026-06-04 10:05:23.000,drone_001,CRUISING,78.5,204.73
2026-06-04 10:05:23.000,drone_002,CRUISING,73.5,171.48
2026-06-04 10:05:24.000,drone_001,CRUISING,78.4,209.67
2026-06-04 10:05:24.000,drone_002,CRUISING,73.4,184.04
2026-06-04 10:05:25.000,drone_001,CRUISING,78.3,192.68
2026-06-04 10:05:25.000,drone_002,CRUISING,73.3,172.68
2026-06-04 10:05:26.000,drone_001,CRUISING,78.3,209.53
2026-06-04 10:05:26.000,drone_002,CRUISING,73.3,175.39
2026-06-04 10:05:27.000,drone_001,CRUISING,78.2,191.22
2026-06-04 10:05:27.000,drone_002,CRUISING,73.2,175.2
2026-06-04 10:05:28.000,drone_001,CRUISING,78.1,202.19
2026-06-04 10:05:28.000,drone_002,CRUISING,73.1,184.52
2026-06-04 10:05:29.000,drone_001,CRUISING,78.1,194.66
2026-06-04 10:05:29.000,drone_002,CRUISING,73.1,182.89
2026-06-04 10:05:30.000,drone_001,CRUISING,78.0,192.28
2026-06-04 10:05:30.000,drone_002,CRUISING,73.0,183.35
2026-06-04 10:05:31.000,drone_001,CRUISING,77.9,203.83
2026-06-04 10:05:31.000,drone_002,CRUISING,72.9,184.16
2026-06-04 10:05:32.000,drone_001,CRUISING,77.9,208.86
2026-06-04 10:05:32.000,drone_002,CRUISING,72.9,178.73
2026-06-04 10:05:33.000,drone_001,CRUISING,77.8,202.95
2026-06-04 10:05:33.000,drone_002,CRUISING,72.8,172.97
2026-06-04 10:05:34.000,drone_001,CRUISING,77.7,196.23
2026-06-04 10:05:34.000,drone_002,CRUISING,72.7,181.56
2026-06-04 10:05:35.000,drone_001,CRUISING,77.7,207.39
2026-06-04 10:05:35.000,drone_002,CRUISING,72.7,183.74
2026-06-04 10:05:36.000,drone_001,CRUISING,77.6,192.04
2026-06-04 10:05:36.000,drone_002,CRUISING,72.6,184.29
2026-06-04 10:05:37.000,drone_001,CRUISING,77.5,190.35
2026-06-04 10:05:37.000,drone_002,CRUISING,72.5,178.71
2026-06-04 10:05:38.000,drone_001,CRUISING,77.5,192.52
2026-06-04 10:05:38.000,drone_002,CRUISING,72.5,186.06
2026-06-04 10:05:39.000,drone_001,CRUISING,77.4,202.81
2026-06-04 10:05:39.000,drone_002,CRUISING,72.4,187.16
2026-06-04 10:05:40.000,drone_001,CRUISING,77.3,194.66
2026-06-04 10:05:40.000,drone_002,CRUISING,72.3,188.27
2026-06-04 10:05:41.000,drone_001,CRUISING,77.3,207.92
2026-06-04 10:05:41.000,drone_002,CRUISING,72.3,173.02
2026-06-04 10:05:42.000,drone_001,CRUISING,77.2,192.61
2026-06-04 10:05:42.000,drone_002,CRUISING,72.2,175.92
2026-06-04 10:05:43.000,drone_001,CRUISING,77.1,206.65
2026-06-04 10:05:43.000,drone_002,CRUISING,72.1,187.05
2026-06-04 10:05:44.000,drone_001,CRUISING,77.1,205.24
2026-06-04 10:05:44.000,drone_002,CRUISING,72.1,187.27
2026-06-04 10:05:45.000,drone_001,CRUISING,77.0,202.54
2026-06-04 10:05:45.000,drone_002,CRUISING,72.0,171.63
2026-06-04 10:05:46.000,drone_001,CRUISING,76.9,192.71
2026-06-04 10:05:46.000,drone_002,CRUISING,71.9,181.58
2026-06-04 10:05:47.000,drone_001,CRUISING,76.9,208.58
2026-06-04 10:05:47.000,drone_002,CRUISING,71.9,172.89
2026-06-04 10:05:48.000,drone_001,CRUISING,76.8,206.32
2026-06-04 10:05:48.000,drone_002,CRUISING,71.8,176.88
2026-06-04 10:05:49.000,drone_001,CRUISING,76.7,196.4
2026-06-04 10:05:49.000,drone_002,CRUISING,71.7,180.83
2026-06-04 10:05:50.000,drone_001,CRUISING,76.7,206.26
2026-06-04 10:05:50.000,drone_002,CRUISING,71.7,185.24
2026-06-04 10:05:51.000,drone_001,CRUISING,76.6,197.17
2026-06-04 10:05:51.000,drone_002,CRUISING,71.6,186.03
2026-06-04 10:05:52.000,drone_001,CRUISING,76.5,208.3
2026-06-04 10:05:52.000,drone_002,CRUISING,71.5,171.14
2026-06-04 10:05:53.000,drone_001,CRUISING,76.5,198.13
2026-06-04 10:05:53.000,drone_002,CRUISING,71.5,185.26
2026-06-04 10:05:54.000,drone_001,CRUISING,76.4,202.29
2026-06-04 10:05:54.000,drone_002,CRUISING,71.4,174.78
2026-06-04 10:05:55.000,drone_001,HOVER,76.3,196.77
2026-06-04 10:05:55.000,drone_002,CRUISING,71.3,173.73
2026-06-04 10:05:56.000,drone_001,CRUISING,76.3,198.01
2026-06-04 10:05:56.000,drone_002,CRUISING,71.3,183.39
2026-06-04 10:05:57.000,drone_001,HOVER,76.2,202.9
2026-06-04 10:05:57.000,drone_002,CRUISING,71.2,186.68
2026-06-04 10:05:58.000,drone_001,CRUISING,76.1,199.71
2026-06-04 10:05:58.000,drone_002,CRUISING,71.1,171.81
2026-06-04 10:05:59.000,drone_001,CRUISING,76.1,199.1
2026-06-04 10:05:59.000,drone_002,CRUISING,71.1,177.79
2026-06-04 10:06:00.000,drone_001,CRUISING,76.0,205.78
2026-06-04 10:06:00.000,drone_002,CRUISING,71.0,174.46
2026-06-04 10:06:01.000,drone_001,CRUISING,75.9,206.29
2026-06-04 10:06:01.000,drone_002,CRUISING,70.9,172.21
2026-06-04 10:06:02.000,drone_001,CRUISING,75.9,199.84
2026-06-04 10:06:02.000,drone_002,CRUISING,70.9,182.76
2026-06-04 10:06:03.000,drone_001,CRUISING,75.8,201.03
2026-06-04 10:06:03.000,drone_002,CRUISING,70.8,187.37
2026-06-04 10:06:04.000,drone_001,CRUISING,75.7,194.1
2026-06-04 10:06:04.000,drone_002,CRUISING,70.7,177.09
2026-06-04 10:06:05.000,drone_001,CRUISING,75.7,208.47
2026-06-04 10:06:05.000,drone_002,CRUISING,70.7,188.02
2026-06-04 10:06:06.000,drone_001,CRUISING,75.6,200.79
2026-06-04 10:06:06.000,drone_002,CRUISING,70.6,174.61
2026-06-04 10:06:07.000,drone_001,CRUISING,75.5,201.6
2026-06-04 10:06:07.000,drone_002,CRUISING,70.5,185.08
2026-06-04 10:06:08.000,drone_001,CRUISING,75.5,191.12
2026-06-04 10:06:08.000,drone_002,CRUISING,70.5,182.43
2026-06-04 10:06:09.000,drone_001,CRUISING,75.4,192.71
2026-06-04 10:06:09.000,drone_002,CRUISING,70.4,187.35
2026-06-04 10:06:10.000,drone_001,CRUISING,75.3,198.05
2026-06-04 10:06:10.000,drone_002,CRUISING,70.3,187.46
2026-06-04 10:06:11.000,drone_001,CRUISING,75.3,193.81
2026-06-04 10:06:11.000,drone_002,CRUISING,70.3,171.12
2026-06-04 10:06:12.000,drone_001,CRUISING,75.2,207.34
2026-06-04 10:06:12.000,drone_002,CRUISING,70.2,180.4
2026-06-04 10:06:13.000,drone_001,CRUISING,75.1,202.39
2026-06-04 10:06:13.000,drone_002,CRUISING,70.1,178.03
2026-06-04 10:06:14.000,drone_001,CRUISING,75.1,195.11
2026-06-04 10:06:14.000,drone_002,CRUISING,70.1,188.08
2026-06-04 10:06:15.000,drone_001,CRUISING,75.0,192.86
2026-06-04 10:06:15.000,drone_002,CRUISING,70.0,188.53
2026-06-04 10:06:16.000,drone_001,CRUISING,74.9,197.52
2026-06-04 10:06:16.000,drone_002,CRUISING,69.9,182.74
2026-06-04 10:06:17.000,drone_001,CRUISING,74.9,202.36
2026-06-04 10:06:17.000,drone_002,CRUISING,69.9,183.3
2026-06-04 10:06:18.000,drone_001,CRUISING,74.8,199.21
2026-06-04 10:06:18.000,drone_002,CRUISING,69.8,178.07
2026-06-04 10:06:19.000,drone_001,CRUISING,74.7,208.42
2026-06-04 10:06:19.000,drone_002,CRUISING,69.7,183.55
2026-06-04 10:06:20.000,drone_001,CRUISING,74.7,200.07
2026-06-04 10:06:20.000,drone_002,CRUISING,69.7,180.77
2026-06-04 10:06:21.000,drone_001,CRUISING,74.6,191.76
2026-06-04 10:06:21.000,drone_002,CRUISING,69.6,173.21
2026-06-04 10:06:22.000,drone_001,CRUISING,74.5,200.24
2026-06-04 10:06:22.000,drone_002,CRUISING,69.5,179.83
2026-06-04 10:06:23.000,drone_001,CRUISING,74.5,191.16
2026-06-04 10:06:23.000,drone_002,CRUISING,69.5,188.3
2026-06-04 10:06:24.000,drone_001,CRUISING,74.4,192.52
2026-06-04 10:06:24.000,drone_002,CRUISING,69.4,180.3
2026-06-04 10:06:25.000,drone_001,CRUISING,74.3,195.3
2026-06-04 10:06:25.000,drone_002,CRUISING,69.3,187.35
2026-06-04 10:06:26.000,drone_001,CRUISING,74.3,201.85
2026-06-04 10:06:26.000,drone_002,CRUISING,69.3,175.88
2026-06-04 10:06:27.000,drone_001,CRUISING,74.2,194.44
2026-06-04 10:06:27.000,drone_002,CRUISING,69.2,188.34
2026-06-04 10:06:28.000,drone_001,CRUISING,74.1,209.62
2026-06-04 10:06:28.000,drone_002,CRUISING,69.1,188.11
2026-06-04 10:06:29.000,drone_001,CRUISING,74.1,199.2
2026-06-04 10:06:29.000,drone_002,CRUISING,69.1,172.73
2026-06-04 10:06:30.000,drone_001,CRUISING,74.0,205.22
2026-06-04 10:06:30.000,drone_002,CRUISING,69.0,176.86
2026-06-04 10:06:31.000,drone_001,HOVER,73.9,201.24
2026-06-04 10:06:31.000,drone_002,CRUISING,68.9,176.59
2026-06-04 10:06:32.000,drone_001,CRUISING,73.9,193.82
2026-06-04 10:06:32.000,drone_002,CRUISING,68.9,175.39
2026-06-04 10:06:33.000,drone_001,CRUISING,73.8,197.32
2026-06-04 10:06:33.000,drone_002,CRUISING,68.8,172.44
2026-06-04 10:06:34.000,drone_001,CRUISING,73.7,200.03
2026-06-04 10:06:34.000,drone_002,CRUISING,68.7,178.94
2026-06-04 10:06:35.000,drone_001,CRUISING,73.7,203.32
2026-06-04 10:06:35.000,drone_002,CRUISING,68.7,180.68
2026-06-04 10:06:36.000,drone_001,CRUISING,73.6,207.97
2026-06-04 10:06:36.000,drone_002,CRUISING,68.6,179.52
2026-06-04 10:06:37.000,drone_001,CRUISING,73.5,196.93
2026-06-04 10:06:37.000,drone_002,CRUISING,68.5,181.16
2026-06-04 10:06:38.000,drone_001,CRUISING,73.5,207.29
2026-06-04 10:06:38.000,drone_002,CRUISING,68.5,179.97
2026-06-04 10:06:39.000,drone_001,CRUISING,73.4,206.18
2026-06-04 10:06:39.000,drone_002,CRUISING,68.4,185.25
2026-06-04 10:06:40.000,drone_001,CRUISING,73.3,204.18
2026-06-04 10:06:40.000,drone_002,CRUISING,68.3,180.49
2026-06-04 10:06:41.000,drone_001,CRUISING,73.3,209.23
2026-06-04 10:06:41.000,drone_002,CRUISING,68.3,183.1
2026-06-04 10:06:42.000,drone_001,CRUISING,73.2,209.86
2026-06-04 10:06:42.000,drone_002,CRUISING,68.2,188.89
2026-06-04 10:06:43.000,drone_001,CRUISING,73.1,192.26
2026-06-04 10:06:43.000,drone_002,HOVER,68.1,187.22
2026-06-04 10:06:44.000,drone_001,CRUISING,73.1,208.77
2026-06-04 10:06:44.000,drone_002,CRUISING,68.1,178.69
2026-06-04 10:06:45.000,drone_001,CRUISING,73.0,191.14
2026-06-04 10:06:45.000,drone_002,CRUISING,68.0,186.53
2026-06-04 10:06:46.000,drone_001,CRUISING,72.9,199.64
2026-06-04 10:06:46.000,drone_002,CRUISING,67.9,185.81
2026-06-04 10:06:47.000,drone_001,CRUISING,72.9,201.98
2026-06-04 10:06:47.000,drone_002,CRUISING,67.9,175.66
2026-06-04 10:06:48.000,drone_001,CRUISING,72.8,200.06
2026-06-04 10:06:48.000,drone_002,CRUISING,67.8,174.64
2026-06-04 10:06:49.000,drone_001,CRUISING,72.7,208.86
2026-06-04 10:06:49.000,drone_002,CRUISING,67.7,185.44
2026-06-04 10:06:50.000,drone_001,CRUISING,72.7,194.59
2026-06-04 10:06:50.000,drone_002,CRUISING,67.7,172.67
2026-06-04 10:06:51.000,drone_001,CRUISING,72.6,197.59
2026-06-04 10:06:51.000,drone_002,CRUISING,67.6,177.86
2026-06-04 10:06:52.000,drone_001,CRUISING,72.5,198.54
2026-06-04 10:06:52.000,drone_002,CRUISING,67.5,171.39
2026-06-04 10:06:53.000,drone_001,CRUISING,72.5,192.73
2026-06-04 10:06:53.000,drone_002,CRUISING,67.5,180.42
2026-06-04 10:06:54.000,drone_001,CRUISING,72.4,209.07
2026-06-04 10:06:54.000,drone_002,CRUISING,67.4,187.79
2026-06-04 10:06:55.000,drone_001,CRUISING,72.3,204.97
2026-06-04 10:06:55.000,drone_002,CRUISING,67.3,177.73
2026-06-04 10:06:56.000,drone_001,CRUISING,72.3,196.91
2026-06-04 10:06:56.000,drone_002,CRUISING,67.3,176.41
2026-06-04 10:06:57.000,drone_001,CRUISING,72.2,194.83
2026-06-04 10:06:57.000,drone_002,CRUISING,67.2,185.92
2026-06-04 10:06:58.000,drone_001,CRUISING,72.1,198.91
2026-06-04 10:06:58.000,drone_002,CRUISING,67.1,185.41
2026-06-04 10:06:59.000,drone_001,CRUISING,72.1,207.57
2026-06-04 10:06:59.000,drone_002,CRUISING,67.1,183.98
2026-06-04 10:07:00.000,drone_001,CRUISING,72.0,190.69
2026-06-04 10:07:00.000,drone_002,CRUISING,67.0,182.0
2026-06-04 10:07:01.000,drone_001,CRUISING,71.9,204.77
2026-06-04 10:07:01.000,drone_002,CRUISING,66.9,178.69
2026-06-04 10:07:02.000,drone_001,CRUISING,71.9,206.71
2026-06-04 10:07:02.000,drone_002,CRUISING,66.9,183.91
2026-06-04 10:07:03.000,drone_001,CRUISING,71.8,201.44
2026-06-04 10:07:03.000,drone_002,CRUISING,66.8,172.77
2026-06-04 10:07:04.000,drone_001,CRUISING,71.7,199.73
2026-06-04 10:07:04.000,drone_002,CRUISING,66.7,186.52
2026-06-04 10:07:05.000,drone_001,CRUISING,71.7,202.36
2026-06-04 10:07:05.000,drone_002,CRUISING,66.7,184.12
2026-06-04 10:07:06.000,drone_001,CRUISING,71.6,204.22
2026-06-04 10:07:06.000,drone_002,CRUISING,66.6,188.38
2026-06-04 10:07:07.000,drone_001,CRUISING,71.5,200.03
2026-06-04 10:07:07.000,drone_002,CRUISING,66.5,187.18
2026-06-04 10:07:08.000,drone_001,CRUISING,71.5,206.25
2026-06-04 10:07:08.000,drone_002,CRUISING,66.5,184.43
2026-06-04 10:07:09.000,drone_001,CRUISING,71.4,193.42
2026-06-04 10:07:09.000,drone_002,CRUISING,66.4,179.04
2026-06-04 10:07:10.000,drone_001,CRUISING,71.3,190.92
2026-06-04 10:07:10.000,drone_002,CRUISING,66.3,172.62
2026-06-04 10:07:11.000,drone_001,CRUISING,71.3,207.26
2026-06-04 10:07:11.000,drone_002,CRUISING,66.3,177.93
2026-06-04 10:07:12.000,drone_001,CRUISING,71.2,199.7
2026-06-04 10:07:12.000,drone_002,CRUISING,66.2,171.25
2026-06-04 10:07:13.000,drone_001,CRUISING,71.1,191.07
2026-06-04 10:07:13.000,drone_002,CRUISING,66.1,182.81
2026-06-04 10:07:14.000,drone_001,CRUISING,71.1,197.28
2026-06-04 10:07:14.000,drone_002,CRUISING,66.1,188.4
2026-06-04 10:07:15.000,drone_001,CRUISING,71.0,208.98
2026-06-04 10:07:15.000,drone_002,CRUISING,66.0,177.3
2026-06-04 10:07:16.000,drone_001,CRUISING,70.9,197.05
2026-06-04 10:07:16.000,drone_002,CRUISING,65.9,188.65
2026-06-04 10:07:17.000,drone_001,CRUISING,70.9,208.81
2026-06-04 10:07:17.000,drone_002,CRUISING,65.9,172.38
2026-06-04 10:07:18.000,drone_001,CRUISING,70.8,199.6
2026-06-04 10:07:18.000,drone_002,CRUISING,65.8,188.93
2026-06-04 10:07:19.000,drone_001,CRUISING,70.7,198.06
2026-06-04 10:07:19.000,drone_002,CRUISING,65.7,173.51
2026-06-04 10:07:20.000,drone_001,CRUISING,70.7,206.21
2026-06-04 10:07:20.000,drone_002,CRUISING,65.7,177.99
2026-06-04 10:07:21.000,drone_001,CRUISING,70.6,198.93
2026-06-04 10:07:21.000,drone_002,CRUISING,65.6,177.17
2026-06-04 10:07:22.000,drone_001,CRUISING,70.5,199.38
2026-06-04 10:07:22.000,drone_002,CRUISING,65.5,187.77
2026-06-04 10:07:23.000,drone_001,CRUISING,70.5,192.55
2026-06-04 10:07:23.000,drone_002,CRUISING,65.5,174.11
2026-06-04 10:07:24.000,drone_001,CRUISING,70.4,195.36
2026-06-04 10:07:24.000,drone_002,CRUISING,65.4,180.99
2026-06-04 10:07:25.000,drone_001,CRUISING,70.3,203.02
2026-06-04 10:07:25.000,drone_002,CRUISING,65.3,181.12
2026-06-04 10:07:26.000,drone_001,CRUISING,70.3,198.07
2026-06-04 10:07:26.000,drone_002,CRUISING,65.3,175.53
2026-06-04 10:07:27.000,drone_001,CRUISING,70.2,203.38
2026-06-04 10:07:27.000,drone_002,CRUISING,65.2,185.11
2026-06-04 10:07:28.000,drone_001,CRUISING,70.1,205.74
2026-06-04 10:07:28.000,drone_002,CRUISING,65.1,181.06
2026-06-04 10:07:29.000,drone_001,CRUISING,70.1,192.39
2026-06-04 10:07:29.000,drone_002,CRUISING,65.1,176.89
2026-06-04 10:07:30.000,drone_001,CRUISING,70.0,206.59
2026-06-04 10:07:30.000,drone_002,CRUISING,65.0,177.64
2026-06-04 10:07:31.000,drone_001,CRUISING,69.9,203.28
2026-06-04 10:07:31.000,drone_002,CRUISING,64.9,184.43
2026-06-04 10:07:32.000,drone_001,CRUISING,69.9,203.44
2026-06-04 10:07:32.000,drone_002,CRUISING,64.9,172.89
2026-06-04 10:07:33.000,drone_001,CRUISING,69.8,208.08
2026-06-04 10:07:33.000,drone_002,CRUISING,64.8,180.11
2026-06-04 10:07:34.000,drone_001,CRUISING,69.7,196.41
2026-06-04 10:07:34.000,drone_002,CRUISING,64.7,176.05
2026-06-04 10:07:35.000,drone_001,CRUISING,69.7,202.06
2026-06-04 10:07:35.000,drone_002,CRUISING,64.7,187.31
2026-06-04 10:07:36.000,drone_001,CRUISING,69.6,196.39
2026-06-04 10:07:36.000,drone_002,CRUISING,64.6,188.5
2026-06-04 10:07:37.000,drone_001,CRUISING,69.5,200.01
2026-06-04 10:07:37.000,drone_002,CRUISING,64.5,174.36
2026-06-04 10:07:38.000,drone_001,CRUISING,69.5,204.99
2026-06-04 10:07:38.000,drone_002,CRUISING,64.5,179.12
2026-06-04 10:07:39.000,drone_001,CRUISING,69.4,203.56
2026-06-04 10:07:39.000,drone_002,CRUISING,64.4,181.34
2026-06-04 10:07:40.000,drone_001,CRUISING,69.3,194.74
2026-06-04 10:07:40.000,drone_002,CRUISING,64.3,176.6
2026-06-04 10:07:41.000,drone_001,CRUISING,69.3,192.82
2026-06-04 10:07:41.000,drone_002,CRUISING,64.3,175.25
2026-06-04 10:07:42.000,drone_001,CRUISING,69.2,196.05
2026-06-04 10:07:42.000,drone_002,CRUISING,64.2,181.99
2026-06-04 10:07:43.000,drone_001,CRUISING,69.1,204.27
2026-06-04 10:07:43.000,drone_002,CRUISING,64.1,181.93
2026-06-04 10:07:44.000,drone_001,CRUISING,69.1,207.95
2026-06-04 10:07:44.000,drone_002,CRUISING,64.1,174.18
2026-06-04 10:07:45.000,drone_001,CRUISING,69.0,195.27
2026-06-04 10:07:45.000,drone_002,CRUISING,64.0,186.49
2026-06-04 10:07:46.000,drone_001,CRUISING,68.9,199.03
2026-06-04 10:07:46.000,drone_002,CRUISING,63.9,180.86
2026-06-04 10:07:47.000,drone_001,CRUISING,68.9,199.29
2026-06-04 10:07:47.000,drone_002,CRUISING,63.9,176.24
2026-06-04 10:07:48.000,drone_001,CRUISING,68.8,192.73
2026-06-04 10:07:48.000,drone_002,CRUISING,63.8,182.26
2026-06-04 10:07:49.000,drone_001,CRUISING,68.7,207.76
2026-06-04 10:07:49.000,drone_002,CRUISING,63.7,174.03
2026-06-04 10:07:50.000,drone_001,CRUISING,68.7,195.15
2026-06-04 10:07:50.000,drone_002,CRUISING,63.7,171.88
2026-06-04 10:07:51.000,drone_001,CRUISING,68.6,192.43
2026-06-04 10:07:51.000,drone_002,CRUISING,63.6,182.12
2026-06-04 10:07:52.000,drone_001,CRUISING,68.5,200.2
2026-06-04 10:07:52.000,drone_002,CRUISING,63.5,184.59
2026-06-04 10:07:53.000,drone_001,CRUISING,68.5,195.58
2026-06-04 10:07:53.000,drone_002,CRUISING,63.5,172.16
2026-06-04 10:07:54.000,drone_001,CRUISING,68.4,195.5
2026-06-04 10:07:54.000,drone_002,CRUISING,63.4,179.63
2026-06-04 10:07:55.000,drone_001,CRUISING,68.3,194.39
2026-06-04 10:07:55.000,drone_002,CRUISING,63.3,182.62
2026-06-04 10:07:56.000,drone_001,CRUISING,68.3,194.19
2026-06-04 10:07:56.000,drone_002,CRUISING,63.3,186.77
2026-06-04 10:07:57.000,drone_001,CRUISING,68.2,190.79
2026-06-04 10:07:57.000,drone_002,CRUISING,63.2,180.14
2026-06-04 10:07:58.000,drone_001,CRUISING,68.1,206.03
2026-06-04 10:07:58.000,drone_002,CRUISING,63.1,172.1
2026-06-04 10:07:59.000,drone_001,CRUISING,68.1,191.98
2026-06-04 10:07:59.000,drone_002,CRUISING,63.1,172.48
2026-06-04 10:08:00.000,drone_001,CRUISING,68.0,196.73
2026-06-04 10:08:00.000,drone_002,CRUISING,63.0,187.41
2026-06-04 10:08:01.000,drone_001,CRUISING,67.9,203.72
2026-06-04 10:08:01.000,drone_002,CRUISING,62.9,171.64
2026-06-04 10:08:02.000,drone_001,CRUISING,67.9,209.01
2026-06-04 10:08:02.000,drone_002,CRUISING,62.9,172.72
2026-06-04 10:08:03.000,drone_001,CRUISING,67.8,205.41
2026-06-04 10:08:03.000,drone_002,CRUISING,62.8,178.39
2026-06-04 10:08:04.000,drone_001,CRUISING,67.7,195.67
2026-06-04 10:08:04.000,drone_002,CRUISING,62.7,177.73
2026-06-04 10:08:05.000,drone_001,CRUISING,67.7,204.07
2026-06-04 10:08:05.000,drone_002,CRUISING,62.7,183.08
2026-06-04 10:08:06.000,drone_001,CRUISING,67.6,198.05
2026-06-04 10:08:06.000,drone_002,CRUISING,62.6,177.79
2026-06-04 10:08:07.000,drone_001,CRUISING,67.5,195.97
2026-06-04 10:08:07.000,drone_002,CRUISING,62.5,183.07
2026-06-04 10:08:08.000,drone_001,CRUISING,67.5,197.56
2026-06-04 10:08:08.000,drone_002,CRUISING,62.5,171.94
2026-06-04 10:08:09.000,drone_001,CRUISING,67.4,193.15
2026-06-04 10:08:09.000,drone_002,CRUISING,62.4,174.47
2026-06-04 10:08:10.000,drone_001,CRUISING,67.3,191.95
2026-06-04 10:08:10.000,drone_002,CRUISING,62.3,172.74
2026-06-04 10:08:11.000,drone_001,CRUISING,67.3,200.96
2026-06-04 10:08:11.000,drone_002,CRUISING,62.3,178.35
2026-06-04 10:08:12.000,drone_001,CRUISING,67.2,208.26
2026-06-04 10:08:12.000,drone_002,CRUISING,62.2,185.08
2026-06-04 10:08:13.000,drone_001,CRUISING,67.1,192.16
2026-06-04 10:08:13.000,drone_002,CRUISING,62.1,177.69
2026-06-04 10:08:14.000,drone_001,CRUISING,67.1,198.83
2026-06-04 10:08:14.000,drone_002,CRUISING,62.1,184.09
2026-06-04 10:08:15.000,drone_001,CRUISING,67.0,195.18
2026-06-04 10:08:15.000,drone_002,CRUISING,62.0,175.63
2026-06-04 10:08:16.000,drone_001,CRUISING,66.9,207.34
2026-06-04 10:08:16.000,drone_002,CRUISING,61.9,179.43
2026-06-04 10:08:17.000,drone_001,CRUISING,66.9,202.39
2026-06-04 10:08:17.000,drone_002,CRUISING,61.9,173.8
2026-06-04 10:08:18.000,drone_001,CRUISING,66.8,209.36
2026-06-04 10:08:18.000,drone_002,CRUISING,61.8,182.68
2026-06-04 10:08:19.000,drone_001,CRUISING,66.7,193.17
2026-06-04 10:08:19.000,drone_002,CRUISING,61.7,177.76
2026-06-04 10:08:20.000,drone_001,CRUISING,66.7,197.94
2026-06-04 10:08:20.000,drone_002,CRUISING,61.7,185.96
2026-06-04 10:08:21.000,drone_001,CRUISING,66.6,199.83
2026-06-04 10:08:21.000,drone_002,CRUISING,61.6,179.15
2026-06-04 10:08:22.000,drone_001,CRUISING,66.5,199.09
2026-06-04 10:08:22.000,drone_002,CRUISING,61.5,172.12
2026-06-04 10:08:23.000,drone_001,CRUISING,66.5,190.23
2026-06-04 10:08:23.000,drone_002,CRUISING,61.5,181.23
2026-06-04 10:08:24.000,drone_001,CRUISING,66.4,203.08
2026-06-04 10:08:24.000,drone_002,CRUISING,61.4,181.37
2026-06-04 10:08:25.000,drone_001,CRUISING,66.3,197.64
2026-06-04 10:08:25.000,drone_002,CRUISING,61.3,188.81
2026-06-04 10:08:26.000,drone_001,CRUISING,66.3,191.7
2026-06-04 10:08:26.000,drone_002,CRUISING,61.3,179.32
2026-06-04 10:08:27.000,drone_001,CRUISING,66.2,192.7
2026-06-04 10:08:27.000,drone_002,CRUISING,61.2,175.12
2026-06-04 10:08:28.000,drone_001,CRUISING,66.1,193.71
2026-06-04 10:08:28.000,drone_002,CRUISING,61.1,184.16
2026-06-04 10:08:29.000,drone_001,CRUISING,66.1,190.45
2026-06-04 10:08:29.000,drone_002,CRUISING,61.1,185.04
2026-06-04 10:08:30.000,drone_001,CRUISING,66.0,206.09
2026-06-04 10:08:30.000,drone_002,CRUISING,61.0,184.05
2026-06-04 10:08:31.000,drone_001,CRUISING,65.9,201.87
2026-06-04 10:08:31.000,drone_002,CRUISING,60.9,184.47
2026-06-04 10:08:32.000,drone_001,CRUISING,65.9,207.22
2026-06-04 10:08:32.000,drone_002,CRUISING,60.9,182.39
2026-06-04 10:08:33.000,drone_001,CRUISING,65.8,205.26
2026-06-04 10:08:33.000,drone_002,CRUISING,60.8,181.95
2026-06-04 10:08:34.000,drone_001,CRUISING,65.7,207.22
2026-06-04 10:08:34.000,drone_002,CRUISING,60.7,180.91
2026-06-04 10:08:35.000,drone_001,CRUISING,65.7,206.97
2026-06-04 10:08:35.000,drone_002,CRUISING,60.7,173.55
2026-06-04 10:08:36.000,drone_001,CRUISING,65.6,206.01
2026-06-04 10:08:36.000,drone_002,CRUISING,60.6,180.72
2026-06-04 10:08:37.000,drone_001,CRUISING,65.5,194.27
2026-06-04 10:08:37.000,drone_002,CRUISING,60.5,179.42
2026-06-04 10:08:38.000,drone_001,CRUISING,65.5,201.08
2026-06-04 10:08:38.000,drone_002,CRUISING,60.5,186.25
2026-06-04 10:08:39.000,drone_001,CRUISING,65.4,202.12
2026-06-04 10:08:39.000,drone_002,CRUISING,60.4,180.64
2026-06-04 10:08:40.000,drone_001,CRUISING,65.3,199.42
2026-06-04 10:08:40.000,drone_002,CRUISING,60.3,177.98
2026-06-04 10:08:41.000,drone_001,CRUISING,65.3,195.79
2026-06-04 10:08:41.000,drone_002,CRUISING,60.3,181.56
2026-06-04 10:08:42.000,drone_001,CRUISING,65.2,198.08
2026-06-04 10:08:42.000,drone_002,CRUISING,60.2,181.29
2026-06-04 10:08:43.000,drone_001,CRUISING,65.1,198.38
2026-06-04 10:08:43.000,drone_002,CRUISING,60.1,173.59
2026-06-04 10:08:44.000,drone_001,CRUISING,65.1,190.39
2026-06-04 10:08:44.000,drone_002,CRUISING,60.1,185.73
2026-06-04 10:08:45.000,drone_001,CRUISING,65.0,192.53
2026-06-04 10:08:45.000,drone_002,CRUISING,60.0,183.19
2026-06-04 10:08:46.000,drone_001,CRUISING,64.9,198.75
2026-06-04 10:08:46.000,drone_002,CRUISING,59.9,186.65
2026-06-04 10:08:47.000,drone_001,CRUISING,64.9,198.04
2026-06-04 10:08:47.000,drone_002,CRUISING,59.9,175.24
2026-06-04 10:08:48.000,drone_001,CRUISING,64.8,197.83
2026-06-04 10:08:48.000,drone_002,CRUISING,59.8,172.68
2026-06-04 10:08:49.000,drone_001,CRUISING,64.7,207.07
2026-06-04 10:08:49.000,drone_002,CRUISING,59.7,187.59
2026-06-04 10:08:50.000,drone_001,CRUISING,64.7,200.11
2026-06-04 10:08:50.000,drone_002,CRUISING,59.7,185.63
2026-06-04 10:08:51.000,drone_001,CRUISING,64.6,194.29
2026-06-04 10:08:51.000,drone_002,CRUISING,59.6,178.41
2026-06-04 10:08:52.000,drone_001,CRUISING,64.5,209.61
2026-06-04 10:08:52.000,drone_002,CRUISING,59.5,188.74
2026-06-04 10:08:53.000,drone_001,CRUISING,64.5,202.54
2026-06-04 10:08:53.000,drone_002,CRUISING,59.5,182.46
2026-06-04 10:08:54.000,drone_001,CRUISING,64.4,198.88
2026-06-04 10:08:54.000,drone_002,CRUISING,59.4,186.86
2026-06-04 10:08:55.000,drone_001,CRUISING,64.3,203.35
2026-06-04 10:08:55.000,drone_002,CRUISING,59.3,187.17
2026-06-04 10:08:56.000,drone_001,CRUISING,64.3,190.11
2026-06-04 10:08:56.000,drone_002,CRUISING,59.3,173.57
2026-06-04 10:08:57.000,drone_001,CRUISING,64.2,203.23
2026-06-04 10:08:57.000,drone_002,CRUISING,59.2,173.33
2026-06-04 10:08:58.000,drone_001,CRUISING,64.1,202.88
2026-06-04 10:08:58.000,drone_002,CRUISING,59.1,173.47
2026-06-04 10:08:59.000,drone_001,CRUISING,64.1,199.53
2026-06-04 10:08:59.000,drone_002,CRUISING,59.1,171.87
2026-06-04 10:09:00.000,drone_001,CRUISING,64.0,195.73
2026-06-04 10:09:00.000,drone_002,CRUISING,59.0,185.92
2026-06-04 10:09:01.000,drone_001,CRUISING,63.9,204.2
2026-06-04 10:09:01.000,drone_002,CRUISING,58.9,187.63
2026-06-04 10:09:02.000,drone_001,CRUISING,63.9,209.06
2026-06-04 10:09:02.000,drone_002,CRUISING,58.9,179.35
2026-06-04 10:09:03.000,drone_001,CRUISING,63.8,199.29
2026-06-04 10:09:03.000,drone_002,CRUISING,58.8,176.49
2026-06-04 10:09:04.000,drone_001,CRUISING,63.7,196.76
2026-06-04 10:09:04.000,drone_002,CRUISING,58.7,175.84
2026-06-04 10:09:05.000,drone_001,CRUISING,63.7,207.44
2026-06-04 10:09:05.000,drone_002,CRUISING,58.7,172.24
2026-06-04 10:09:06.000,drone_001,CRUISING,63.6,194.45
2026-06-04 10:09:06.000,drone_002,CRUISING,58.6,175.89
2026-06-04 10:09:07.000,drone_001,CRUISING,63.5,209.24
2026-06-04 10:09:07.000,drone_002,CRUISING,58.5,188.16
2026-06-04 10:09:08.000,drone_001,CRUISING,63.5,199.63
2026-06-04 10:09:08.000,drone_002,CRUISING,58.5,179.9
2026-06-04 10:09:09.000,drone_001,CRUISING,63.4,199.92
2026-06-04 10:09:09.000,drone_002,CRUISING,58.4,188.9
2026-06-04 10:09:10.000,drone_001,CRUISING,63.3,195.42
2026-06-04 10:09:10.000,drone_002,CRUISING,58.3,184.82
2026-06-04 10:09:11.000,drone_001,CRUISING,63.3,203.52
2026-06-04 10:09:11.000,drone_002,CRUISING,58.3,183.84
2026-06-04 10:09:12.000,drone_001,CRUISING,63.2,208.18
2026-06-04 10:09:12.000,drone_002,CRUISING,58.2,183.98
2026-06-04 10:09:13.000,drone_001,CRUISING,63.1,204.74
2026-06-04 10:09:13.000,drone_002,CRUISING,58.1,171.1
2026-06-04 10:09:14.000,drone_001,CRUISING,63.1,199.85
2026-06-04 10:09:14.000,drone_002,CRUISING,58.1,188.48
2026-06-04 10:09:15.000,drone_001,CRUISING,63.0,193.38
2026-06-04 10:09:15.000,drone_002,CRUISING,58.0,183.19
2026-06-04 10:09:16.000,drone_001,CRUISING,62.9,203.27
2026-06-04 10:09:16.000,drone_002,CRUISING,57.9,172.15
2026-06-04 10:09:17.000,drone_001,CRUISING,62.9,206.41
2026-06-04 10:09:17.000,drone_002,CRUISING,57.9,187.23
2026-06-04 10:09:18.000,drone_001,CRUISING,62.8,204.96
2026-06-04 10:09:18.000,drone_002,CRUISING,57.8,184.84
2026-06-04 10:09:19.000,drone_001,CRUISING,62.7,204.51
2026-06-04 10:09:19.000,drone_002,CRUISING,57.7,181.23
2026-06-04 10:09:20.000,drone_001,CRUISING,62.7,197.73
2026-06-04 10:09:20.000,drone_002,CRUISING,57.7,179.23
2026-06-04 10:09:21.000,drone_001,CRUISING,62.6,193.25
2026-06-04 10:09:21.000,drone_002,CRUISING,57.6,180.25
2026-06-04 10:09:22.000,drone_001,CRUISING,62.5,205.62
2026-06-04 10:09:22.000,drone_002,CRUISING,57.5,178.06
2026-06-04 10:09:23.000,drone_001,CRUISING,62.5,209.97
2026-06-04 10:09:23.000,drone_002,CRUISING,57.5,178.22
2026-06-04 10:09:24.000,drone_001,CRUISING,62.4,194.65
2026-06-04 10:09:24.000,drone_002,CRUISING,57.4,175.36
2026-06-04 10:09:25.000,drone_001,CRUISING,62.3,200.35
2026-06-04 10:09:25.000,drone_002,CRUISING,57.3,186.21
2026-06-04 10:09:26.000,drone_001,CRUISING,62.3,195.95
2026-06-04 10:09:26.000,drone_002,CRUISING,57.3,174.86
2026-06-04 10:09:27.000,drone_001,CRUISING,62.2,202.52
2026-06-04 10:09:27.000,drone_002,CRUISING,57.2,186.94
2026-06-04 10:09:28.000,drone_001,CRUISING,62.1,199.3
2026-06-04 10:09:28.000,drone_002,CRUISING,57.1,187.06
2026-06-04 10:09:29.000,drone_001,CRUISING,62.1,199.29
2026-06-04 10:09:29.000,drone_002,CRUISING,57.1,177.27
2026-06-04 10:09:30.000,drone_001,CRUISING,62.0,200.89
2026-06-04 10:09:30.000,drone_002,CRUISING,57.0,173.8
2026-06-04 10:09:31.000,drone_001,LANDING,61.9,203.43
2026-06-04 10:09:31.000,drone_002,LANDING,56.9,184.42
2026-06-04 10:09:32.000,drone_001,LANDING,61.9,196.96
2026-06-04 10:09:32.000,drone_002,LANDING,56.9,183.14
2026-06-04 10:09:33.000,drone_001,LANDING,61.8,200.68
2026-06-04 10:09:33.000,drone_002,LANDING,56.8,175.4
2026-06-04 10:09:34.000,drone_001,LANDING,61.7,191.02
2026-06-04 10:09:34.000,drone_002,LANDING,56.7,183.32
2026-06-04 10:09:35.000,drone_001,LANDING,61.7,197.94
2026-06-04 10:09:35.000,drone_002,LANDING,56.7,182.96
2026-06-04 10:09:36.000,drone_001,LANDING,61.6,203.99
2026-06-04 10:09:36.000,drone_002,LANDING,56.6,177.85
2026-06-04 10:09:37.000,drone_001,LANDING,61.5,196.61
2026-06-04 10:09:37.000,drone_002,LANDING,56.5,188.6
2026-06-04 10:09:38.000,drone_001,LANDING,61.5,199.67
2026-06-04 10:09:38.000,drone_002,LANDING,56.5,178.86
2026-06-04 10:09:39.000,drone_001,LANDING,61.4,194.5
2026-06-04 10:09:39.000,drone_002,LANDING,56.4,183.8
2026-06-04 10:09:40.000,drone_001,LANDING,61.3,197.76
2026-06-04 10:09:40.000,drone_002,LANDING,56.3,178.52
2026-06-04 10:09:41.000,drone_001,LANDING,61.3,195.96
2026-06-04 10:09:41.000,drone_002,LANDING,56.3,186.84
2026-06-04 10:09:42.000,drone_001,LANDING,61.2,205.61
2026-06-04 10:09:42.000,drone_002,LANDING,56.2,172.3
2026-06-04 10:09:43.000,drone_001,LANDING,61.1,199.98
2026-06-04 10:09:43.000,drone_002,LANDING,56.1,188.04
2026-06-04 10:09:44.000,drone_001,LANDING,61.1,192.77
2026-06-04 10:09:44.000,drone_002,LANDING,56.1,176.7
2026-06-04 10:09:45.000,drone_001,LANDING,61.0,192.13
2026-06-04 10:09:45.000,drone_002,LANDING,56.0,185.88
2026-06-04 10:09:46.000,drone_001,LANDING,60.9,193.51
2026-06-04 10:09:46.000,drone_002,LANDING,55.9,175.34
2026-06-04 10:09:47.000,drone_001,LANDING,60.9,194.22
2026-06-04 10:09:47.000,drone_002,LANDING,55.9,183.69
2026-06-04 10:09:48.000,drone_001,LANDING,60.8,192.62
2026-06-04 10:09:48.000,drone_002,LANDING,55.8,180.54
2026-06-04 10:09:49.000,drone_001,LANDING,60.7,197.06
2026-06-04 10:09:49.000,drone_002,LANDING,55.7,173.35
2026-06-04 10:09:50.000,drone_001,LANDING,60.7,193.25
2026-06-04 10:09:50.000,drone_002,LANDING,55.7,174.93
2026-06-04 10:09:51.000,drone_001,LANDING,60.6,209.46
2026-06-04 10:09:51.000,drone_002,LANDING,55.6,183.89
2026-06-04 10:09:52.000,drone_001,LANDING,60.5,208.22
2026-06-04 10:09:52.000,drone_002,LANDING,55.5,188.15
2026-06-04 10:09:53.000,drone_001,LANDING,60.5,208.72
2026-06-04 10:09:53.000,drone_002,LANDING,55.5,182.23
2026-06-04 10:09:54.000,drone_001,LANDING,60.4,204.36
2026-06-04 10:09:54.000,drone_002,LANDING,55.4,176.89
2026-06-04 10:09:55.000,drone_001,LANDING,60.3,207.4
2026-06-04 10:09:55.000,drone_002,LANDING,55.3,184.14
2026-06-04 10:09:56.000,drone_001,LANDING,60.3,196.62
2026-06-04 10:09:56.000,drone_002,LANDING,55.3,188.5
2026-06-04 10:09:57.000,drone_001,LANDING,60.2,194.68
2026-06-04 10:09:57.000,drone_002,LANDING,55.2,184.04
2026-06-04 10:09:58.000,drone_001,LANDING,60.1,199.71
2026-06-04 10:09:58.000,drone_002,LANDING,55.1,174.52
2026-06-04 10:09:59.000,drone_001,LANDING,60.1,207.15
2026-06-04 10:09:59.000,drone_002,LANDING,55.1,187.56
2026-06-04 10:10:00.000,drone_001,LANDING,60.0,207.72
2026-06-04 10:10:00.000,drone_002,LANDING,55.0,178.46
